"Date - Intl. format or prompt","Text","Link(s) - Separated by comma for FB carousels","Media URL(s) - Separated by comma","Title - For the video, pin, PDF ..","Label(s) - Separated by comma","Alt text(s) - Separated by ||","Comment(s) - Separated by ||","Pin board, FB album, or Google category","Post subtype - I.e. story, reel, PDF ..","CTA - For Facebook links or Google","Reminder - For stories, reels, shorts, and TikToks"
"2026-07-13 08:30","Domande.

5 domande di discovery che nessuno fa.

pionio.it","","https://cdn.jsdelivr.net/gh/gittertothemoon/Pionio_Portfolio@25261b8546531e025e226a73e47a9c5e8e43ca8d/instagram/content/settimana-09-lug-2026/1-lun-13-08-morning-domande/out/morning.png","","","","","","","",""
"2026-07-13 13:00","La maggior parte dei brief di discovery che vedo in giro contiene le stesse 10 domande. Qual è il target, qual è il tono di voce, quali i competitor, quali le funzionalità desiderate. Tutto necessario, niente sufficiente.

Le 5 domande che faccio io sono diverse. Le ho costruite negli anni, dopo aver capito che le risposte ai brief standard non spostano davvero il progetto.

Cosa rimane se togliamo il sito. Misura se il sito è strumento o trofeo.
Chi vince se il sito non viene fatto. Estrae resistenze interne che nessuno dichiara spontaneamente.
Quale frase vorresti leggere sul tuo sito tra 3 anni. Sposta il focus dal vendere al diventare.
Cosa farai col sito che non puoi fare ora. Distingue il cosmetico dallo strumentale.
Chi nella tua azienda non vorrebbe questo cambiamento. Rivela il conflitto interno prima che esploda al sessantesimo giorno.

Non sono domande da brief. Sono domande da conversazione. Si fanno a voce, lasciando rispondere senza correggere, segnando le pause più delle risposte.

2 ore di discovery fatta così si pagano da sole nei 2 mesi successivi del progetto.

Hai un progetto da raccontarmi? Parliamone. pionio.it","","https://cdn.jsdelivr.net/gh/gittertothemoon/Pionio_Portfolio@25261b8546531e025e226a73e47a9c5e8e43ca8d/instagram/content/settimana-09-lug-2026/1-lun-13-13-educational-cinque-domande-discovery/out/slide-01.png,https://cdn.jsdelivr.net/gh/gittertothemoon/Pionio_Portfolio@25261b8546531e025e226a73e47a9c5e8e43ca8d/instagram/content/settimana-09-lug-2026/1-lun-13-13-educational-cinque-domande-discovery/out/slide-02.png,https://cdn.jsdelivr.net/gh/gittertothemoon/Pionio_Portfolio@25261b8546531e025e226a73e47a9c5e8e43ca8d/instagram/content/settimana-09-lug-2026/1-lun-13-13-educational-cinque-domande-discovery/out/slide-03.png,https://cdn.jsdelivr.net/gh/gittertothemoon/Pionio_Portfolio@25261b8546531e025e226a73e47a9c5e8e43ca8d/instagram/content/settimana-09-lug-2026/1-lun-13-13-educational-cinque-domande-discovery/out/slide-04.png,https://cdn.jsdelivr.net/gh/gittertothemoon/Pionio_Portfolio@25261b8546531e025e226a73e47a9c5e8e43ca8d/instagram/content/settimana-09-lug-2026/1-lun-13-13-educational-cinque-domande-discovery/out/slide-05.png,https://cdn.jsdelivr.net/gh/gittertothemoon/Pionio_Portfolio@25261b8546531e025e226a73e47a9c5e8e43ca8d/instagram/content/settimana-09-lug-2026/1-lun-13-13-educational-cinque-domande-discovery/out/slide-06.png,https://cdn.jsdelivr.net/gh/gittertothemoon/Pionio_Portfolio@25261b8546531e025e226a73e47a9c5e8e43ca8d/instagram/content/settimana-09-lug-2026/1-lun-13-13-educational-cinque-domande-discovery/out/slide-07.png","","","","","","","",""
"2026-07-13 19:30","Si può disegnare un sito senza capire davvero cosa serve. Capita ogni giorno. Esce qualcosa di bello, pulito, anche premiato negli award. Ma è il disegno di un'altra cosa rispetto a quella che il cliente aveva bisogno di ottenere.

Quando salti la discovery, disegni quello che pensi sia il progetto. Quello che hai immaginato leggendo la prima mail, intuito dal sito del competitor, ricostruito dalla call di 30 minuti. Tutto materiale, niente solido. E il design uscito da materiale non solido si vede, anche se non si sa nominare.

La discovery non rallenta il lavoro. Lo mette a fuoco. Sembrano 2 cose simili e sono il contrario: rallentare aggiunge tempo, mettere a fuoco lo toglie — perché impedisce le riscritture, i cambi di rotta al sessantesimo giorno, le riunioni in cui qualcuno dice ""non era questo quello che avevamo in mente"".

Disegnare senza capire è artigianato cieco. Si può fare. Costa sempre 3 volte tanto.

Hai un'idea? Parliamone. pionio.it","","https://cdn.jsdelivr.net/gh/gittertothemoon/Pionio_Portfolio@25261b8546531e025e226a73e47a9c5e8e43ca8d/instagram/content/settimana-09-lug-2026/1-lun-13-19-manifesto-disegnare-cieco/out/manifesto.png","","","","","","","",""
"2026-07-14 08:30","Metà.

La discovery è la metà del progetto.

pionio.it","","https://cdn.jsdelivr.net/gh/gittertothemoon/Pionio_Portfolio@25261b8546531e025e226a73e47a9c5e8e43ca8d/instagram/content/settimana-09-lug-2026/2-mar-14-08-morning-meta/out/morning.png","","","","","","","",""
"2026-07-14 13:00","Per metà del progetto non sta uscendo niente di visibile. Niente Figma, niente moodboard, niente schermata da mostrare al capo a fine giornata. Per uno che osserva da fuori, sembra che non stia accadendo nulla.

Eppure è il momento più denso. La discovery è dove un'idea diventa progettabile: dove le intuizioni si trasformano in vincoli, le ipotesi in domande, le richieste vaghe in 3 messaggi precisi. Prima sei nel mondo dell'immaginazione. Dopo sei nel mondo dell'artigianato.

Quando un cliente capisce questo, smette di chiedere ""quando vedo il design"" e comincia a chiedere ""quando vedo il documento"". È un salto culturale, e lo facciamo insieme — di solito al giorno 5, di solito davanti alla mappatura dei concorrenti.

La discovery è la metà del progetto. È invisibile, ma decide tutto.

Hai un'idea? Parliamone. pionio.it","","https://cdn.jsdelivr.net/gh/gittertothemoon/Pionio_Portfolio@25261b8546531e025e226a73e47a9c5e8e43ca8d/instagram/content/settimana-09-lug-2026/2-mar-14-13-pillola-discovery-meta-progetto/out/pillola.png","","","","","","","",""
"2026-07-14 16:00","—","","https://cdn.jsdelivr.net/gh/gittertothemoon/Pionio_Portfolio@25261b8546531e025e226a73e47a9c5e8e43ca8d/instagram/content/settimana-09-lug-2026/2-mar-14-16-frame/out/frame.png","","","","","","","",""
"2026-07-14 19:30","Mi capita ogni volta più spesso: il cliente mi manda un brief Notion compilato per intero — 15 sezioni, 4 pagine, tutte le caselle riempite. Mi dice: ""Ecco, così risparmiamo la discovery"".

Non funziona così. Il brief auto-compilato è utile per partire — mi dà un'idea di come il cliente pensa al proprio progetto. Ma è la versione che il cliente racconta a se stesso, non quella che emerge facendo le domande giuste in una conversazione vera.

Il brief è la cornice del problema. La discovery è capire perché il problema esiste. Sono 2 cose diverse, fatte in 2 momenti diversi.

Quando il cliente arriva col brief compilato, lo leggo con cura e poi gli propongo comunque la mood call. La call dura 40 minuti. Quasi sempre al minuto 10 salta fuori qualcosa che non era nel brief — e quel qualcosa è la metà del progetto vero.

Non sto rifiutando lo strumento. Sto dicendo che lo strumento non sostituisce la conversazione.

Hai un progetto? Parliamone. pionio.it","","https://cdn.jsdelivr.net/gh/gittertothemoon/Pionio_Portfolio@25261b8546531e025e226a73e47a9c5e8e43ca8d/instagram/content/settimana-09-lug-2026/2-mar-14-19-reactive-brief-autocompilato/out/reactive.png","","","","","","","",""
"2026-07-15 08:30","Vertigine.

La domanda giusta dà vertigini.

pionio.it","","https://cdn.jsdelivr.net/gh/gittertothemoon/Pionio_Portfolio@25261b8546531e025e226a73e47a9c5e8e43ca8d/instagram/content/settimana-09-lug-2026/3-mer-15-08-morning-vertigine/out/morning.png","","","","","","","",""
"2026-07-15 13:00","Quasi tutte le informazioni che servono a progettare un sito esistono già, dentro l'azienda. Sono nei reparti, nelle conversazioni di corridoio, nei vecchi documenti, nelle frustrazioni che nessuno ha mai messo a verbale.

Sembrano nascoste, ma non lo sono davvero. Sono sepolte sotto un'unica cosa: la convenzione di non chiederle. Il decisore dà per scontato che certe cose io le possa ""intuire"". Io do per scontato che non le possa intuire affatto. Il punto di incontro è la domanda — formulata bene, fatta a voce, lasciata respirare.

Per questo la discovery non è un'aggiunta. È metà del progetto. Quello che non si chiede non si trova mai per caso — lo trovi solo se hai costruito il momento e lo spazio in cui possa emergere.

Hai un'idea? Parliamone. pionio.it","","https://cdn.jsdelivr.net/gh/gittertothemoon/Pionio_Portfolio@25261b8546531e025e226a73e47a9c5e8e43ca8d/instagram/content/settimana-09-lug-2026/3-mer-15-13-hero-non-si-chiede/out/hero.png","","","","","","","",""
"2026-07-15 19:30","Il documento di discovery è il documento più importante del progetto. Più della spec tecnica, più del contratto economico, più dei wireframe. Eppure è lungo solo 3 pagine.

3 pagine non per pigrizia, ma per disciplina. Se non riesco a sintetizzare in 3 pagine, vuol dire che non ho ancora capito abbastanza. La discovery non finisce — e non si firma niente.

Pagina 1: chi parla a chi. Posizionamento dell'azienda, audience principale, tono di voce, archetipo che vogliamo evocare. Una pagina, frasi nette.

Pagina 2: cosa diciamo. I 4-5 messaggi chiave del sito, in ordine di importanza, ognuno con 2 righe di motivazione. Niente headline finali — quelle arrivano dopo. Solo direzione.

Pagina 3: cosa misuriamo. 3-4 indicatori concreti che useremo nei primi 90 giorni post-lancio. Devono essere misurabili senza ambiguità — niente ""engagement"" o ""brand awareness"".

Più di 3 pagine, il cliente non lo legge. Meno, manca qualcosa di importante. 3 è l'equilibrio.

Hai un'idea? Parliamone. pionio.it","","https://cdn.jsdelivr.net/gh/gittertothemoon/Pionio_Portfolio@25261b8546531e025e226a73e47a9c5e8e43ca8d/instagram/content/settimana-09-lug-2026/3-mer-15-19-bts-documento-discovery/out/bts.png","","","","","","","",""
"2026-07-16 08:30","3.

3 artefatti dopo ogni discovery.

pionio.it","","https://cdn.jsdelivr.net/gh/gittertothemoon/Pionio_Portfolio@25261b8546531e025e226a73e47a9c5e8e43ca8d/instagram/content/settimana-09-lug-2026/4-gio-16-08-morning-tre-artefatti/out/morning.png","","","","","","","",""
"2026-07-16 19:30","Dopo ogni discovery consegno al cliente 3 artefatti. Sempre gli stessi 3, in ogni progetto. Non perché sono pigro — perché la ripetizione è quello che trasforma una procedura in un metodo che funziona.

Il primo è la trascrizione delle call principali. Documento di 2-3 pagine per call, con punti decisionali, contraddizioni, cose dette tra le righe. Lo legge solo il cliente, in privato. Spesso ci ritorna a settimane di distanza.

Il secondo è la mappatura dei concorrenti su 3 colonne. Cosa hanno in comune (la convenzione del settore), cosa li differenzia, cosa nessuno fa. Una pagina visiva, semplice, che mostra al cliente la sua categoria dall'alto.

Il terzo è il documento di discovery in 3 pagine. Quello che ho descritto ieri sera. È la spec di progetto — viene firmato prima di qualsiasi linea di design.

3 artefatti, sempre gli stessi. La somma vale 10 volte quello che varrebbe ognuno preso da solo, perché si parlano tra loro. La discovery non è una fase singola — è un sistema di 3 documenti che ti accompagnano per i 6 mesi successivi.

Hai un'idea? Parliamone. pionio.it","","https://cdn.jsdelivr.net/gh/gittertothemoon/Pionio_Portfolio@25261b8546531e025e226a73e47a9c5e8e43ca8d/instagram/content/settimana-09-lug-2026/4-gio-16-19-metodo-tre-artefatti/out/metodo.png","","","","","","","",""
"2026-07-17 08:30","Capire.

Capire prima vale 2 settimane dopo.

pionio.it","","https://cdn.jsdelivr.net/gh/gittertothemoon/Pionio_Portfolio@25261b8546531e025e226a73e47a9c5e8e43ca8d/instagram/content/settimana-09-lug-2026/5-ven-17-08-morning-capire/out/morning.png","","","","","","","",""
"2026-07-17 13:00","2 settimane di discovery prima di una sola linea di design. Lo dico a voce alta perché di solito sembra molto — e perché capisco perché ai clienti possa sembrarlo, all'inizio. È il momento più sottovalutato del mestiere.

Giorno 1-2: mood call e trascrizione. Il documento di 2 pagine è la base.
Giorno 3-4: audit di tutto quello che già parla dell'azienda — sito, social, brochure, biglietti, Wayback Machine.
Giorno 5-6: interviste laterali. Non solo il decisore. Vendite, accoglienza, un assunto da poco. 3 prospettive che il capo da solo non ti dà.
Giorno 7: niente. Decantazione. Le idee si depositano solo se le lasci in pace.
Giorno 8-9: mappatura concorrenti su 3 colonne — cosa hanno in comune, cosa li differenzia, cosa nessuno fa.
Giorno 10-11: workshop di sintesi col decisore, 90 minuti, 3 lavagne.
Giorno 12: documento di discovery in 3 pagine. Chi, cosa, cosa si misura.
Giorno 13-14: il cliente firma. La firma sul documento di discovery vale quanto quella sul contratto economico.

Dall'esterno sembra lento — non sta uscendo niente di ""design"". Dall'interno è il momento più denso del progetto. Tutto quello che viene dopo è esecuzione, e l'esecuzione è la parte facile.

Hai un'idea? Parliamone. pionio.it","","https://cdn.jsdelivr.net/gh/gittertothemoon/Pionio_Portfolio@25261b8546531e025e226a73e47a9c5e8e43ca8d/instagram/content/settimana-09-lug-2026/5-ven-17-13-caso-studio-discovery-due-settimane/out/slide-01.png,https://cdn.jsdelivr.net/gh/gittertothemoon/Pionio_Portfolio@25261b8546531e025e226a73e47a9c5e8e43ca8d/instagram/content/settimana-09-lug-2026/5-ven-17-13-caso-studio-discovery-due-settimane/out/slide-02.png,https://cdn.jsdelivr.net/gh/gittertothemoon/Pionio_Portfolio@25261b8546531e025e226a73e47a9c5e8e43ca8d/instagram/content/settimana-09-lug-2026/5-ven-17-13-caso-studio-discovery-due-settimane/out/slide-03.png,https://cdn.jsdelivr.net/gh/gittertothemoon/Pionio_Portfolio@25261b8546531e025e226a73e47a9c5e8e43ca8d/instagram/content/settimana-09-lug-2026/5-ven-17-13-caso-studio-discovery-due-settimane/out/slide-04.png,https://cdn.jsdelivr.net/gh/gittertothemoon/Pionio_Portfolio@25261b8546531e025e226a73e47a9c5e8e43ca8d/instagram/content/settimana-09-lug-2026/5-ven-17-13-caso-studio-discovery-due-settimane/out/slide-05.png,https://cdn.jsdelivr.net/gh/gittertothemoon/Pionio_Portfolio@25261b8546531e025e226a73e47a9c5e8e43ca8d/instagram/content/settimana-09-lug-2026/5-ven-17-13-caso-studio-discovery-due-settimane/out/slide-06.png,https://cdn.jsdelivr.net/gh/gittertothemoon/Pionio_Portfolio@25261b8546531e025e226a73e47a9c5e8e43ca8d/instagram/content/settimana-09-lug-2026/5-ven-17-13-caso-studio-discovery-due-settimane/out/slide-07.png,https://cdn.jsdelivr.net/gh/gittertothemoon/Pionio_Portfolio@25261b8546531e025e226a73e47a9c5e8e43ca8d/instagram/content/settimana-09-lug-2026/5-ven-17-13-caso-studio-discovery-due-settimane/out/slide-08.png,https://cdn.jsdelivr.net/gh/gittertothemoon/Pionio_Portfolio@25261b8546531e025e226a73e47a9c5e8e43ca8d/instagram/content/settimana-09-lug-2026/5-ven-17-13-caso-studio-discovery-due-settimane/out/slide-09.png,https://cdn.jsdelivr.net/gh/gittertothemoon/Pionio_Portfolio@25261b8546531e025e226a73e47a9c5e8e43ca8d/instagram/content/settimana-09-lug-2026/5-ven-17-13-caso-studio-discovery-due-settimane/out/slide-10.png","","","","","","","",""
"2026-07-17 16:00","—","","https://cdn.jsdelivr.net/gh/gittertothemoon/Pionio_Portfolio@25261b8546531e025e226a73e47a9c5e8e43ca8d/instagram/content/settimana-09-lug-2026/5-ven-17-16-frame/out/frame.png","","","","","","","",""
"2026-07-17 19:30","5 giorni dentro il tema ""discovery"". 3 cose che mi porto via.

Prima: la domanda giusta vale più di mille risposte sbagliate. Una buona domanda riesce a far emergere quello che il cliente non sa di sapere. Le risposte standardizzate dei brief Notion non riescono mai a farlo — perché la persona compila come crede dovrebbe rispondere, non come davvero pensa.

Seconda: il silenzio dopo la domanda è materiale. Quando fai una domanda buona, il cliente quasi sempre si ferma. 3, 4, 7 secondi. Sembra un imbarazzo — non lo è. È il momento in cui sta cercando di rispondere onestamente. Non riempire mai quel silenzio. È lì che esce la parte più preziosa.

Terza, la più sorprendente: scrivere a mano cambia quello che ricordi. Le note prese a tastiera durante una call sono superficiali — la tastiera permette di trascrivere tutto, quindi non filtri. La penna costringe a scegliere. E ciò che scegli a mano è quasi sempre la parte vera della conversazione.

5 giorni, 3 cose. La discovery è il momento più sottovalutato del mestiere — e quello che decide i 6 mesi che seguono.

Hai un'idea? Parliamone. pionio.it","","https://cdn.jsdelivr.net/gh/gittertothemoon/Pionio_Portfolio@25261b8546531e025e226a73e47a9c5e8e43ca8d/instagram/content/settimana-09-lug-2026/5-ven-17-19-riflessione-sulla-discovery/out/riflessione.png","","","","","","","",""
"2026-07-18 08:30","Silenzio.

Il silenzio dopo la domanda è materiale.

pionio.it","","https://cdn.jsdelivr.net/gh/gittertothemoon/Pionio_Portfolio@25261b8546531e025e226a73e47a9c5e8e43ca8d/instagram/content/settimana-09-lug-2026/6-sab-18-08-morning-silenzio/out/morning.png","","","","","","","",""
"2026-07-18 13:00","Settimana #9, sabato.

Si dice spesso che la discovery sia ""preparazione"". È una parola che minimizza: suggerisce qualcosa che precede il lavoro vero, una specie di anticamera prima del tavolo da disegno. Mi sono accorto in questi anni che non è così.

La discovery non è anticamera. È il lavoro vero, la sua prima metà. Quando capisci abbastanza un progetto, la parte di disegno si fa quasi da sé — le decisioni si presentano già pronte, basta riconoscerle. Quando non capisci abbastanza, anche il software più potente non basta a salvarti dal disegnare bene la cosa sbagliata.

È per questo che capisco perché tanti designer saltino la discovery. Sembra non produrre nulla di visibile, e nessuno la paga volentieri. Solo che la mancata discovery la paga il progetto, 2-3 mesi dopo, in modo più caro.

Capire bene è già metà del disegnare. Non è uno slogan. È quello che ho osservato in centinaia di ore.

pionio.it","","https://cdn.jsdelivr.net/gh/gittertothemoon/Pionio_Portfolio@25261b8546531e025e226a73e47a9c5e8e43ca8d/instagram/content/settimana-09-lug-2026/6-sab-18-13-mark-capire-meta-disegnare/out/mark.png","","","","","","","",""
"2026-07-18 19:30","Questa settimana ho salvato: The Mom Test di Rob Fitzpatrick.

Centotrenta pagine sul come fare le domande giuste a chi paga il tuo lavoro. Nato per startup founder che devono validare un'idea con i potenziali clienti, vale per chiunque debba fare discovery — designer, freelance, consulenti, chiunque venda un servizio a partire da un'intervista.

La tesi è semplice e potente: la maggior parte delle domande di discovery non funziona perché chiede opinioni invece di fatti. ""Useresti questo prodotto?"" è una domanda inutile — tutti rispondono di sì alla mamma. ""Quando è stata l'ultima volta che hai cercato di risolvere questo problema?"" è una domanda utile, perché chiede una cosa concreta accaduta nel passato.

L'ho letto 2 volte. La prima nel 2020, da freelance giovane. La seconda l'anno scorso, dopo aver capito le mie domande di discovery. Mi ha cambiato la struttura della mood call.

Lettura di una serata. Si ripaga alla prima call.

→ momtestbook.com

pionio.it","","https://cdn.jsdelivr.net/gh/gittertothemoon/Pionio_Portfolio@25261b8546531e025e226a73e47a9c5e8e43ca8d/instagram/content/settimana-09-lug-2026/6-sab-18-19-saved-mom-test/out/saved.png","","","","","","","",""
"2026-07-19 08:30","Decidere.

Da lunedì decisioni di design.

pionio.it","","https://cdn.jsdelivr.net/gh/gittertothemoon/Pionio_Portfolio@25261b8546531e025e226a73e47a9c5e8e43ca8d/instagram/content/settimana-09-lug-2026/7-dom-19-08-morning-decidere/out/morning.png","","","","","","","",""
"2026-07-19 13:00","Settimana #10, da lunedì.

Dopo aver capito, si decide. Entriamo nel momento più artigianale del mestiere — quello in cui il ""tutto"" che il cliente vorrebbe diventa il ""questo soltanto"" che ha davvero senso disegnare.

Tema della settimana: decisioni di design.

3 forze in gioco. Gerarchia (cosa viene prima, cosa dopo). Focus (cosa si guarda, cosa si lascia sullo sfondo). Sottrazione (cosa si toglie, perché togliere è quasi sempre la mossa giusta). 3 forze semplici a nominarsi, difficilissime a praticarsi — perché ogni sottrazione fa male a qualcuno dentro l'azienda del cliente.

Si parte lunedì con 5 decisioni di design che decidono il sito intero.

pionio.it","","https://cdn.jsdelivr.net/gh/gittertothemoon/Pionio_Portfolio@25261b8546531e025e226a73e47a9c5e8e43ca8d/instagram/content/settimana-09-lug-2026/7-dom-19-13-brief-settimana-10/out/brief.png","","","","","","","",""
"2026-07-19 19:30","Domanda #8.

Pensa all'ultimo progetto che hai cominciato. Quante domande hai fatto al cliente prima di aprire Figma o di mettere mano al primo file?

Meno di 5: probabilmente hai disegnato di pancia, lo stile l'ha preso ciò che pensavi giusto tu.
5-15: media bassa. Hai capito i fondamentali, ma hai dato per scontato tante cose.
Quindici-30: discovery normale, decisioni di design ben fondate.
Oltre 30: discovery seria. Il sito che esce sarà difficile da contestare al cliente, perché ogni decisione ha una motivazione tracciabile.

E quante volte sei tornato indietro durante il progetto a chiedere ancora qualcosa? Rispondimi nei commenti.

pionio.it","","https://cdn.jsdelivr.net/gh/gittertothemoon/Pionio_Portfolio@25261b8546531e025e226a73e47a9c5e8e43ca8d/instagram/content/settimana-09-lug-2026/7-dom-19-19-question-quante-domande/out/question.png","","","","","","","",""
